{"cameraMode":{"drawMode":0,"name":"Shaded","section":"Shading Mode"},"sceneLighting":true,"audioPlay":false,"sceneViewState":{"showFog":true,"showMaterialUpdate":false,"showSkybox":true,"showFlares":true,"showImageEffects":true,"showParticleSystems":true},"in2DMode":false,"pivot":{"x":8.37841796875,"y":-0.062408447265625,"z":0.18359375},"rotation":{"x":0.0927777960896492,"y":0.043298039585351947,"z":-0.004040566273033619,"w":0.9947367906570435},"size":2.4488954544067385,"orthographic":true}